dp_id,x_km,y_km,settlement_type,landclass,households,subscribers_initial
0,3.087773487497441,3.081281159072594,village,forest,14,4
1,4.950801871282277,3.1645560850732255,village,forest,17,5
2,2.948099815574489,5.386984580753148,village,forest,15,4
3,4.610908452652899,2.7722410009011544,village,rural,16,5
4,4.898506962016628,3.167569776245358,village,forest,12,4
5,3.4020379774618754,2.7897656345612676,village,forest,10,3
6,4.400367967219737,2.5094763518161605,village,forest,12,4
7,3.7666447591676775,2.0255998077115933,village,open,9,3
8,3.976851848772712,4.011048985035174,village,open,14,4
9,3.7933287748282387,2.615775934967151,village,rural,18,5
10,4.207631375677648,3.624612678289192,village,open,16,5
11,3.9338891295376497,3.820329023189025,village,forest,15,4
12,2.688411784026178,3.2233710784459557,village,rural,18,5
13,3.9849771814983264,3.066857830327275,village,hilly,17,5
14,4.345265556117236,2.751862048259491,village,forest,13,4
15,3.9412722486157254,2.6622238340796276,village,rural,17,5
16,3.465527776872905,2.7975794167108217,village,forest,13,4
17,3.344649806606418,3.0078309112019617,village,forest,6,2
18,3.6261381563609647,3.207137129949043,village,hilly,11,3
19,3.933622032183813,3.74026968045541,village,forest,23,7
20,4.546453780756115,4.005421950700445,village,forest,15,4
21,3.6562857165353218,2.4376553978025877,village,open,15,4
22,3.525873320423587,3.6091227813534323,village,forest,10,3
23,3.8809284684247727,1.9273906362332558,village,rural,10,3
24,3.87807134571623,2.885740665297046,village,rural,12,4
25,4.962661172453767,3.1569376299344074,village,forest,12,4
26,4.61098493328671,2.6304684832283476,village,rural,8,2
27,3.6875919931315044,2.8578789367587034,village,rural,14,4
28,4.597028350602912,2.9927288672670174,village,rural,12,4
29,5.36463099529107,2.2767723835668816,village,open,13,4
30,3.5711959203991075,3.267854585744348,village,hilly,13,4
31,3.804233701702999,2.2863685069038597,village,open,17,5
32,5.081227414975212,3.080173747449549,village,hilly,15,4
33,5.4221987038508805,3.2983198209377473,village,hilly,4,1
34,5.878732221156298,2.6041915589457267,village,hilly,9,3
35,4.306312550416578,3.3066146463807833,village,forest,5,2
36,3.429359133343893,3.168422343596405,village,forest,14,4
37,5.660358269349182,3.2223683311901787,village,hilly,7,2
38,4.104202331981246,3.360327524791541,village,forest,4,1
39,5.244367686116444,3.249787759516438,village,hilly,7,2
40,4.068689232815266,3.9342188706492704,village,open,12,4
41,4.12679347844213,3.3877027858347217,village,forest,9,3
42,4.805425413913111,2.9645685452557697,village,rural,10,3
43,4.04225493246733,2.4460461707981795,village,rural,10,3
44,4.874068722406776,2.6096795062276397,village,rural,15,4
45,3.314369252274566,3.408724985450242,village,forest,22,7
46,4.195748525864365,2.982200714334607,village,forest,7,2
47,4.411315140853849,4.657858168147709,village,forest,12,4
48,4.919972952725068,3.3585470000316073,village,forest,8,2
49,4.865565365984799,4.134013646812482,village,forest,10,3
50,3.8206309003248786,2.9367907299774614,village,rural,21,6
51,3.815707775076725,3.1726368826346523,village,hilly,8,2
52,3.2446460012537166,3.6889439341992403,village,forest,12,4
53,3.645542230844359,3.323409852715404,village,hilly,13,4
54,4.862050606869622,2.935097636745427,village,rural,15,4
55,3.4384099313787253,2.7005457464012728,village,forest,7,2
56,4.022356701785166,3.476711676445728,village,forest,15,4
57,3.205963954929369,1.5033279201686176,village,open,16,5
58,3.2419462436583935,3.867856493164707,village,forest,18,5
59,3.7692965907157547,2.126680258351532,village,open,16,5
60,4.404602000654755,2.7373891929116247,village,forest,15,4
61,3.582044823249792,3.299701961628771,village,hilly,13,4
62,2.8012079172246795,2.963279156628062,village,rural,13,4
63,3.6368486166507745,2.5976327148632388,village,rural,12,4
64,3.9616244934757217,3.0220893965372233,village,hilly,19,6
65,3.1918689131960196,2.611919934870729,village,forest,15,4
66,3.8430593664114325,2.683516038139258,village,rural,13,4
67,4.307128471791545,2.762754209409822,village,forest,10,3
68,4.176427436355253,3.187703413134242,village,forest,22,7
69,3.8139416289552424,3.1237867617213895,village,hilly,10,3
70,12.499208756823299,7.641654264974778,village,rural,17,5
71,12.572686178173505,7.192555855511575,village,hilly,13,4
72,13.14115929511457,5.755977510798786,village,hilly,8,2
73,12.754400158328906,7.296646438147651,village,hilly,11,3
74,11.741680451465005,6.966476886860013,village,forest,15,4
75,10.577232430718372,6.524257424794115,village,rural,21,6
76,11.737859975520955,5.79484753220975,village,rural,16,5
77,11.91210982386194,7.120274836209472,village,rural,18,5
78,11.851338532938483,5.898092202517379,village,rural,12,4
79,11.486649070528937,7.848418759648909,village,open,10,3
80,11.676371354007513,5.350567368883601,village,hilly,14,4
81,12.147021529192143,7.4051175418293695,village,rural,17,5
82,11.83737406572458,5.374882036080201,village,hilly,9,3
83,13.166660124605404,7.075022998596608,village,open,13,4
84,12.715808320200827,5.593863784741172,village,rural,17,5
85,10.72764874333053,7.371136915764932,village,forest,12,4
86,13.15989368490204,6.654138558038008,village,hilly,9,3
87,13.335014460316593,7.4232724175720035,village,open,11,3
88,12.43639665375831,6.409051964285923,village,forest,16,5
89,13.310299190809005,7.426876267708561,village,open,10,3
90,12.101906555655987,6.286808033315217,village,forest,8,2
91,13.674246239952637,7.182290362126318,village,rural,12,4
92,12.175795263080541,5.966190433299227,village,forest,10,3
93,12.589784489163536,7.924934367598024,village,forest,12,4
94,12.397138173573229,6.023736198959201,village,forest,12,4
95,11.980013232537079,6.655181865752065,village,forest,16,5
96,13.452527300563691,6.705966569719779,village,hilly,20,6
97,13.002637291131633,4.918515982686973,village,hilly,9,3
98,10.812491259277397,5.987022623496572,village,hilly,11,3
99,11.978484922208803,6.373275720045164,village,forest,19,6
100,11.593992610336516,5.940636888067976,village,rural,11,3
101,12.955639227382324,5.968221782817308,village,rural,13,4
102,12.639467039535898,7.033247183254173,village,hilly,14,4
103,12.809407420742925,6.279244195917718,village,rural,12,4
104,12.571825295678144,6.825999140272934,village,rural,15,4
105,12.250176807113744,6.674699332357596,village,forest,13,4
106,14.290521029494125,6.261730822007612,village,open,15,4
107,13.480825552207984,6.643311276844942,village,hilly,16,5
108,12.617439901651599,7.715290283423741,village,forest,14,4
109,12.42377782485513,6.980751750105724,village,forest,10,3
110,11.99140814133999,6.649712578172288,village,forest,8,2
111,12.230371391894524,6.306814397397926,village,forest,10,3
112,12.605535147643845,6.010146166476915,village,rural,11,3
113,12.390043570839733,6.90837828949452,village,forest,15,4
114,12.317535452418179,7.755804369206505,village,rural,8,2
115,13.08004813653519,7.534039695870632,village,hilly,18,5
116,12.074774116435893,5.456153433258968,village,forest,15,4
117,12.738948734924639,6.912604603116225,village,rural,18,5
118,12.282206694959298,6.7503589664100145,village,forest,10,3
119,14.07123215878307,6.427488489147071,village,open,15,4
120,12.430829360256393,6.802982211182003,village,forest,6,2
121,13.84649048481343,5.629774084200854,village,hilly,15,4
122,12.089568617345769,7.860019749368301,village,rural,7,2
123,12.240323414094359,6.133015916576218,village,forest,11,3
124,13.169602935210419,6.8921890167663085,village,hilly,7,2
125,12.179872338799383,7.544456198353183,village,rural,13,4
126,11.884285469530283,5.378309993991312,village,hilly,14,4
127,12.842686695934145,6.055676374685952,village,rural,17,5
128,13.828131806022157,7.643619329732349,village,rural,14,4
129,11.604241175766933,7.069322311071664,village,rural,11,3
130,17.96023718352627,2.2612609413047324,village,open,13,4
131,17.17403193771118,1.14181669133163,village,rural,14,4
132,17.011225720982893,1.5358583198453533,village,open,12,4
133,16.536708043775366,1.1543323353259844,village,rural,15,4
134,17.25730796627646,1.768138689096494,village,open,16,5
135,17.54132987163783,2.0304982505632374,village,open,17,5
136,17.02139237065101,2.132334150008094,village,rural,12,4
137,17.633889847203857,1.8234639773313575,village,rural,11,3
138,17.255598593127434,2.0967913073961286,village,rural,12,4
139,16.117605235725737,2.2269221787274422,village,forest,14,4
140,16.492157865185078,2.190121895971867,village,forest,7,2
141,16.685831555561432,2.3537101635430884,village,rural,13,4
142,17.80450575576873,1.7195481439057858,village,rural,11,3
143,16.53073365308793,1.718101277939829,village,rural,12,4
144,16.608601847282568,2.090498968003602,village,rural,13,4
145,17.39056465266644,1.6208333385719427,village,open,14,4
146,15.985415056186065,2.3476960818786488,village,open,13,4
147,16.998564525628773,1.4769728189406792,village,rural,14,4
148,17.073087588571312,2.180572929023526,village,rural,7,2
149,16.68245949635887,1.228036102959157,village,rural,13,4
150,17.522677674141875,1.8393589100684913,village,rural,12,4
151,18.14605993045668,2.712459313597225,village,forest,11,3
152,17.03381539737497,2.497973277571834,village,rural,14,4
153,16.25378142296108,1.684948126644941,village,open,9,3
154,17.42613132418449,2.4560076945573672,village,rural,10,3
155,16.916891374672712,1.707974398129486,village,rural,13,4
156,17.14477840273144,2.655965537312885,village,rural,18,5
157,16.625781859615596,1.7391565352113543,village,rural,14,4
158,17.652060138757836,2.8555594528236776,village,forest,13,4
159,17.103190375302724,1.184197143974015,village,rural,19,6
160,16.974015646663936,2.60561951141516,village,hilly,11,3
161,17.622913350734414,2.0726201843289283,village,open,13,4
162,16.068844373430714,1.8066599800666947,village,open,13,4
163,17.520728155728122,1.874367978253593,village,rural,19,6
164,17.13270564715628,1.0883130083309065,village,rural,10,3
165,16.972780300499792,2.0530917817045964,village,rural,10,3
166,17.543501050370235,1.930008120231873,village,rural,14,4
167,15.859135754354906,1.7174173797768173,village,hilly,10,3
168,16.554865043469736,1.0276062272510664,village,rural,15,4
169,16.822283972395887,2.0630463510411743,village,rural,17,5
170,0.19158910587563138,6.2908125769975785,dispersed,rural,5,2
171,4.7169704840634115,7.010456945929206,dispersed,hilly,6,2
172,7.254979682632918,6.787731866792489,dispersed,open,3,1
173,1.1919336517970236,6.969820528149891,dispersed,rural,6,2
174,7.049309473910148,7.689474987682583,dispersed,rural,5,2
175,14.714706568180997,7.674586321789252,dispersed,hilly,4,1
176,6.9974754010991695,4.246122149420266,dispersed,forest,3,1
177,12.020440366953256,5.9653747801233,dispersed,forest,2,1
178,3.910358844002646,5.668826463462357,dispersed,hilly,6,2
179,8.544190244152789,3.364101866358966,dispersed,rural,7,2
180,1.2137362180675737,1.6744122376398052,dispersed,forest,4,1
181,3.538532977526394,5.008146884066238,dispersed,open,6,2
182,2.5566063116270032,1.9648271856083754,dispersed,rural,4,1
183,0.3946317670563393,9.932255641028723,dispersed,rural,7,2
184,8.665092467048659,4.847074313965894,dispersed,rural,3,1
185,4.925357476617553,8.734930435621514,dispersed,rural,13,4
186,12.67224449460992,9.035255132197726,dispersed,open,1,0
187,18.54903973232303,2.827183554451725,dispersed,hilly,2,1
188,19.940896636057726,3.2948329407174457,dispersed,hilly,4,1
189,2.6916264611919005,3.9873984614389792,dispersed,open,3,1
190,17.5251189480872,4.625616736870635,dispersed,hilly,6,2
191,12.411095181767422,9.547514165949606,dispersed,open,3,1
192,19.554660096936963,6.599499004423574,dispersed,hilly,4,1
193,17.330546054689794,1.9204397723828714,dispersed,open,4,1
194,18.17768717031191,0.483017647970152,dispersed,rural,1,0
195,12.316166798504039,9.441317066539803,dispersed,rural,6,2
196,13.789363472965022,3.6129024849676483,dispersed,open,4,1
197,6.774946427082447,3.0350583687527877,dispersed,open,1,0
198,1.9923302619408778,6.662102855061823,dispersed,rural,4,1
199,0.9073257236080323,4.0830866548792475,dispersed,open,4,1
200,18.60963777079887,1.6910382794627554,dispersed,forest,7,2
201,17.83176598247683,4.453035531419176,dispersed,open,5,2
202,6.606712025740942,6.7319890065331345,dispersed,open,4,1
203,13.402793869294317,7.400401147726576,dispersed,open,4,1
204,18.548926391269863,0.10787168489848842,dispersed,forest,4,1
205,3.5629411158714297,5.32375507767049,dispersed,open,4,1
206,14.2953624554236,9.899011570411403,dispersed,hilly,7,2
207,15.672887637694172,1.1920328722558804,dispersed,open,4,1
208,0.6782426033981759,8.577122351887079,dispersed,forest,4,1
209,7.6884813496713456,5.68598974993444,dispersed,hilly,4,1
210,7.555557317794566,1.2772844515311188,dispersed,rural,1,0
211,10.185111161590987,6.292697549423938,dispersed,forest,2,1
212,17.741768796205385,4.686324687153494,dispersed,hilly,3,1
213,14.099701768815349,0.8650515034919082,dispersed,rural,7,2
214,19.781758133046253,8.292760992155463,dispersed,open,1,0
215,8.300569385579834,3.610462250130716,dispersed,forest,1,0
216,5.80758719229488,0.8871536294775373,dispersed,open,4,1
217,1.533030297332203,2.266757980628682,dispersed,hilly,1,0
218,7.034780513849618,9.778665486762879,dispersed,hilly,9,3
219,2.018344890492909,7.393457863567763,dispersed,forest,1,0
